{
  "train_loss": [
    2.1577961017256198,
    0.8231070054614026,
    0.5542144639336545,
    0.4315905191976091,
    0.36214480516703235,
    0.30635974620995315,
    0.27389652006652043,
    0.25304438789253647,
    0.23045657599425834,
    0.21101574721219746,
    0.1968665797992245,
    0.1840221278531396,
    0.17483992655964,
    0.14660622827384784,
    0.15215284029102843,
    0.13588441219990668,
    0.13676851125353057,
    0.12881447763546652,
    0.11643088086629691,
    0.10371493556253288,
    0.10281570899583724,
    0.09569331562227529,
    0.09687490408997172,
    0.0937483313129,
    0.09625517350176106
  ],
  "val_loss": [
    1.0608463183693264,
    0.6485082105450009,
    0.48681874508443085,
    0.4289203098286753,
    0.39965445062388544,
    0.3892324042061101,
    0.3604637034561323,
    0.35237776390884235,
    0.34749392582022626,
    0.3275909022144649,
    0.3259107762056848,
    0.3058076086251632,
    0.324884801455166,
    0.310176232262798,
    0.29209444380324817,
    0.3033241798048434,
    0.3055727086637331,
    0.3148612454533577,
    0.2934173426550368,
    0.3055840147578198,
    0.2976283664288728,
    0.2883755691025568,
    0.29849271605844085,
    0.2869002874130788,
    0.2885134906872459
  ],
  "train_accuracy": [
    0.5125679347826086,
    0.8454483695652174,
    0.8807744565217391,
    0.9055706521739131,
    0.9211956521739131,
    0.936141304347826,
    0.9371603260869565,
    0.9402173913043478,
    0.9470108695652174,
    0.951766304347826,
    0.9507472826086957,
    0.9575407608695652,
    0.9565217391304348,
    0.970108695652174,
    0.9670516304347826,
    0.9745244565217391,
    0.9697690217391305,
    0.9711277173913043,
    0.9748641304347826,
    0.9806385869565217,
    0.9799592391304348,
    0.9847146739130435,
    0.9847146739130435,
    0.985733695652174,
    0.984375
  ],
  "val_accuracy": [
    0.782608695652174,
    0.8586956521739131,
    0.8940217391304348,
    0.8913043478260869,
    0.8980978260869565,
    0.8817934782608695,
    0.8899456521739131,
    0.8885869565217391,
    0.8953804347826086,
    0.9035326086956522,
    0.8980978260869565,
    0.904891304347826,
    0.8980978260869565,
    0.9021739130434783,
    0.9089673913043478,
    0.90625,
    0.9021739130434783,
    0.904891304347826,
    0.9035326086956522,
    0.90625,
    0.9021739130434783,
    0.907608695652174,
    0.90625,
    0.9103260869565217,
    0.9116847826086957
  ]
}