{
  "train_loss": [
    3.551928400993347,
    3.4134707036225693,
    3.336205428061278,
    3.2554398282714514,
    3.171215181765349,
    3.1095715242883433,
    3.044166627137557,
    2.983666158240774,
    2.9259664260822795,
    2.845951147701429,
    2.7771820374157117,
    2.723213237264882,
    2.6735519300336423,
    2.611093407091887,
    2.5658071092937305,
    2.5234183850495713,
    2.5133386124735293,
    2.346978356008944,
    2.3056481428768323,
    2.2553325243618176,
    2.258848269348559,
    2.2324196216852767,
    2.1718799899453702,
    2.1223311812981316,
    2.12752256963564,
    2.101211887338887,
    2.0463314147099205,
    2.0560271558554275,
    2.033402919769287,
    2.0183636585007543,
    1.9809328537920248,
    1.9323983840320422,
    1.9346989509852037,
    1.8255503164685292,
    1.791312496299329,
    1.8105803741061168,
    1.7584690905135612,
    1.7183137652666673,
    1.7184934214405392,
    1.7023998822854913,
    1.6979100872641024,
    1.6753258070220118,
    1.6669118365515834,
    1.625272995751837,
    1.6403243412142214,
    1.6334808106007783,
    1.6425127762815226,
    1.599012941122055,
    1.6054589631764784
  ],
  "val_loss": [
    3.430927390637605,
    3.3435034440911333,
    3.247821403586346,
    3.1935638759447182,
    3.190689418626868,
    3.062120199203491,
    3.034183989400449,
    2.994162839391957,
    3.0403946689937427,
    3.032985614693683,
    2.8663302297177524,
    2.824441837227863,
    2.8739749763322915,
    2.6496175268422,
    3.101943420327228,
    2.7447337378626284,
    2.888576009999151,
    2.4961633993231733,
    2.5936366526976875,
    2.5433767101039058,
    2.3379897501157676,
    2.417970615884532,
    2.354415292325227,
    2.2793219141338183,
    2.4229965365451314,
    2.566663006077642,
    2.234865401102149,
    2.3026194105977598,
    2.344766756762629,
    2.1957417415535967,
    2.2458277629769365,
    2.506605573322462,
    2.2385587277619736,
    1.9926634353140127,
    2.0944043397903442,
    2.0579212748486064,
    2.0252079030741816,
    1.9620815411857937,
    1.9291953055754951,
    1.9725927425467449,
    2.024239762969639,
    1.9302744139795718,
    1.9383360406626826,
    1.9240259761395662,
    1.898367166519165,
    1.920382815858592,
    1.9327558486357979,
    1.9009842768959377,
    1.882555365562439
  ],
  "train_accuracy": [
    0.06046195652173913,
    0.08627717391304347,
    0.10767663043478261,
    0.11548913043478261,
    0.14164402173913043,
    0.1565896739130435,
    0.16474184782608695,
    0.17459239130434784,
    0.203125,
    0.21603260869565216,
    0.22995923913043478,
    0.25271739130434784,
    0.25339673913043476,
    0.26766304347826086,
    0.281929347826087,
    0.29347826086956524,
    0.3029891304347826,
    0.33627717391304346,
    0.3454483695652174,
    0.35427989130434784,
    0.34816576086956524,
    0.3617527173913043,
    0.39470108695652173,
    0.3970788043478261,
    0.38654891304347827,
    0.399116847826087,
    0.40998641304347827,
    0.40591032608695654,
    0.41745923913043476,
    0.4127038043478261,
    0.43070652173913043,
    0.44735054347826086,
    0.44633152173913043,
    0.4741847826086957,
    0.49592391304347827,
    0.4796195652173913,
    0.491508152173913,
    0.5088315217391305,
    0.5149456521739131,
    0.5054347826086957,
    0.5081521739130435,
    0.514266304347826,
    0.5281929347826086,
    0.540421195652174,
    0.5343070652173914,
    0.5349864130434783,
    0.5288722826086957,
    0.5336277173913043,
    0.5353260869565217
  ],
  "val_accuracy": [
    0.0625,
    0.09239130434782608,
    0.11413043478260869,
    0.10597826086956522,
    0.12635869565217392,
    0.1793478260869565,
    0.15896739130434784,
    0.16983695652173914,
    0.16032608695652173,
    0.17391304347826086,
    0.1875,
    0.20380434782608695,
    0.18885869565217392,
    0.25,
    0.18342391304347827,
    0.23505434782608695,
    0.21467391304347827,
    0.2717391304347826,
    0.2513586956521739,
    0.32472826086956524,
    0.3451086956521739,
    0.327445652173913,
    0.30842391304347827,
    0.34646739130434784,
    0.3016304347826087,
    0.28532608695652173,
    0.37092391304347827,
    0.35054347826086957,
    0.33559782608695654,
    0.36820652173913043,
    0.3546195652173913,
    0.3111413043478261,
    0.36141304347826086,
    0.45652173913043476,
    0.4048913043478261,
    0.4171195652173913,
    0.4171195652173913,
    0.44021739130434784,
    0.43478260869565216,
    0.422554347826087,
    0.41983695652173914,
    0.4470108695652174,
    0.44429347826086957,
    0.4388586956521739,
    0.4483695652173913,
    0.44429347826086957,
    0.44429347826086957,
    0.44565217391304346,
    0.45108695652173914
  ]
}