{
  "0": {
    "precision": 0.3108108108108108,
    "recall": 0.23469387755102042,
    "f1-score": 0.26744186046511625,
    "support": 98.0
  },
  "1": {
    "precision": 0.3076923076923077,
    "recall": 0.36,
    "f1-score": 0.3317972350230415,
    "support": 100.0
  },
  "2": {
    "precision": 0.2,
    "recall": 0.06,
    "f1-score": 0.09230769230769231,
    "support": 100.0
  },
  "3": {
    "precision": 0.30327868852459017,
    "recall": 0.37,
    "f1-score": 0.3333333333333333,
    "support": 100.0
  },
  "4": {
    "precision": 0.18309859154929578,
    "recall": 0.13,
    "f1-score": 0.15204678362573099,
    "support": 100.0
  },
  "5": {
    "precision": 0.5,
    "recall": 0.45,
    "f1-score": 0.47368421052631576,
    "support": 100.0
  },
  "6": {
    "precision": 0.2981366459627329,
    "recall": 0.48,
    "f1-score": 0.367816091954023,
    "support": 100.0
  },
  "7": {
    "precision": 0.4895833333333333,
    "recall": 0.5340909090909091,
    "f1-score": 0.5108695652173914,
    "support": 88.0
  },
  "8": {
    "precision": 0.25,
    "recall": 0.37373737373737376,
    "f1-score": 0.29959514170040485,
    "support": 99.0
  },
  "9": {
    "precision": 0.2746478873239437,
    "recall": 0.39,
    "f1-score": 0.32231404958677684,
    "support": 100.0
  },
  "10": {
    "precision": 0.06666666666666667,
    "recall": 0.04,
    "f1-score": 0.05,
    "support": 100.0
  },
  "11": {
    "precision": 0.6509433962264151,
    "recall": 0.711340206185567,
    "f1-score": 0.6798029556650246,
    "support": 97.0
  },
  "12": {
    "precision": 0.24444444444444444,
    "recall": 0.11,
    "f1-score": 0.15172413793103448,
    "support": 100.0
  },
  "13": {
    "precision": 0.4074074074074074,
    "recall": 0.44,
    "f1-score": 0.4230769230769231,
    "support": 100.0
  },
  "14": {
    "precision": 0.3524590163934426,
    "recall": 0.43,
    "f1-score": 0.38738738738738737,
    "support": 100.0
  },
  "15": {
    "precision": 0.3125,
    "recall": 0.3,
    "f1-score": 0.30612244897959184,
    "support": 100.0
  },
  "16": {
    "precision": 0.37777777777777777,
    "recall": 0.34,
    "f1-score": 0.35789473684210527,
    "support": 100.0
  },
  "17": {
    "precision": 0.3103448275862069,
    "recall": 0.18,
    "f1-score": 0.22784810126582278,
    "support": 100.0
  },
  "18": {
    "precision": 0.4838709677419355,
    "recall": 0.45454545454545453,
    "f1-score": 0.46875,
    "support": 99.0
  },
  "19": {
    "precision": 0.33098591549295775,
    "recall": 0.47,
    "f1-score": 0.3884297520661157,
    "support": 100.0
  },
  "20": {
    "precision": 0.1724137931034483,
    "recall": 0.2,
    "f1-score": 0.18518518518518517,
    "support": 100.0
  },
  "21": {
    "precision": 0.34210526315789475,
    "recall": 0.13,
    "f1-score": 0.18840579710144928,
    "support": 100.0
  },
  "22": {
    "precision": 0.4174757281553398,
    "recall": 0.43,
    "f1-score": 0.4236453201970443,
    "support": 100.0
  },
  "23": {
    "precision": 0.23880597014925373,
    "recall": 0.32,
    "f1-score": 0.27350427350427353,
    "support": 100.0
  },
  "24": {
    "precision": 0.1896551724137931,
    "recall": 0.11,
    "f1-score": 0.13924050632911392,
    "support": 100.0
  },
  "25": {
    "precision": 0.3137254901960784,
    "recall": 0.16,
    "f1-score": 0.2119205298013245,
    "support": 100.0
  },
  "26": {
    "precision": 0.18125,
    "recall": 0.29,
    "f1-score": 0.2230769230769231,
    "support": 100.0
  },
  "27": {
    "precision": 0.3140495867768595,
    "recall": 0.38,
    "f1-score": 0.3438914027149321,
    "support": 100.0
  },
  "28": {
    "precision": 0.3435114503816794,
    "recall": 0.45,
    "f1-score": 0.38961038961038963,
    "support": 100.0
  },
  "29": {
    "precision": 0.40384615384615385,
    "recall": 0.42,
    "f1-score": 0.4117647058823529,
    "support": 100.0
  },
  "30": {
    "precision": 0.2761904761904762,
    "recall": 0.29292929292929293,
    "f1-score": 0.28431372549019607,
    "support": 99.0
  },
  "31": {
    "precision": 0.225,
    "recall": 0.45,
    "f1-score": 0.3,
    "support": 100.0
  },
  "32": {
    "precision": 0.35294117647058826,
    "recall": 0.18,
    "f1-score": 0.23841059602649006,
    "support": 100.0
  },
  "33": {
    "precision": 0.39,
    "recall": 0.39,
    "f1-score": 0.39,
    "support": 100.0
  },
  "34": {
    "precision": 0.17475728155339806,
    "recall": 0.20224719101123595,
    "f1-score": 0.1875,
    "support": 89.0
  },
  "35": {
    "precision": 0.3614457831325301,
    "recall": 0.3,
    "f1-score": 0.32786885245901637,
    "support": 100.0
  },
  "36": {
    "precision": 0.5,
    "recall": 0.2,
    "f1-score": 0.2857142857142857,
    "support": 100.0
  },
  "accuracy": 0.3172526573998365,
  "macro avg": {
    "precision": 0.3203195137962639,
    "recall": 0.31793471094732034,
    "f1-score": 0.30800797027153537,
    "support": 3669.0
  },
  "weighted avg": {
    "precision": 0.3199237824188759,
    "recall": 0.3172526573998365,
    "f1-score": 0.3073888263196937,
    "support": 3669.0
  }
}