{
  "accuracy": 0.3172526573998365,
  "macro_f1": 0.30800797027153537,
  "model": "Custom CNN"
}