{
  "best_params": {
    "lr": 0.0007314115090882471,
    "weight_decay": 8.492757961796682e-06,
    "batch_size": 32
  },
  "best_value": 0.8600543478260869,
  "n_trials": 3
}