{
  "0": {
    "precision": 0.30666666666666664,
    "recall": 0.46938775510204084,
    "f1-score": 0.3709677419354839,
    "support": 98.0
  },
  "1": {
    "precision": 0.39705882352941174,
    "recall": 0.27,
    "f1-score": 0.32142857142857145,
    "support": 100.0
  },
  "2": {
    "precision": 0.4166666666666667,
    "recall": 0.1,
    "f1-score": 0.16129032258064516,
    "support": 100.0
  },
  "3": {
    "precision": 0.5909090909090909,
    "recall": 0.39,
    "f1-score": 0.46987951807228917,
    "support": 100.0
  },
  "4": {
    "precision": 0.3435114503816794,
    "recall": 0.45,
    "f1-score": 0.38961038961038963,
    "support": 100.0
  },
  "5": {
    "precision": 0.5070422535211268,
    "recall": 0.72,
    "f1-score": 0.5950413223140496,
    "support": 100.0
  },
  "6": {
    "precision": 0.4603174603174603,
    "recall": 0.58,
    "f1-score": 0.5132743362831859,
    "support": 100.0
  },
  "7": {
    "precision": 0.5333333333333333,
    "recall": 0.45454545454545453,
    "f1-score": 0.49079754601226994,
    "support": 88.0
  },
  "8": {
    "precision": 0.29133858267716534,
    "recall": 0.37373737373737376,
    "f1-score": 0.3274336283185841,
    "support": 99.0
  },
  "9": {
    "precision": 0.42857142857142855,
    "recall": 0.3,
    "f1-score": 0.35294117647058826,
    "support": 100.0
  },
  "10": {
    "precision": 0.32432432432432434,
    "recall": 0.12,
    "f1-score": 0.17518248175182483,
    "support": 100.0
  },
  "11": {
    "precision": 0.5317460317460317,
    "recall": 0.6907216494845361,
    "f1-score": 0.600896860986547,
    "support": 97.0
  },
  "12": {
    "precision": 0.2619047619047619,
    "recall": 0.33,
    "f1-score": 0.2920353982300885,
    "support": 100.0
  },
  "13": {
    "precision": 0.3644859813084112,
    "recall": 0.39,
    "f1-score": 0.37681159420289856,
    "support": 100.0
  },
  "14": {
    "precision": 0.5308641975308642,
    "recall": 0.43,
    "f1-score": 0.47513812154696133,
    "support": 100.0
  },
  "15": {
    "precision": 0.5617977528089888,
    "recall": 0.5,
    "f1-score": 0.5291005291005291,
    "support": 100.0
  },
  "16": {
    "precision": 0.3870967741935484,
    "recall": 0.48,
    "f1-score": 0.42857142857142855,
    "support": 100.0
  },
  "17": {
    "precision": 0.4744525547445255,
    "recall": 0.65,
    "f1-score": 0.5485232067510548,
    "support": 100.0
  },
  "18": {
    "precision": 0.4642857142857143,
    "recall": 0.6565656565656566,
    "f1-score": 0.5439330543933054,
    "support": 99.0
  },
  "19": {
    "precision": 0.5555555555555556,
    "recall": 0.55,
    "f1-score": 0.5527638190954773,
    "support": 100.0
  },
  "20": {
    "precision": 0.3191489361702128,
    "recall": 0.45,
    "f1-score": 0.37344398340248963,
    "support": 100.0
  },
  "21": {
    "precision": 0.569620253164557,
    "recall": 0.45,
    "f1-score": 0.5027932960893855,
    "support": 100.0
  },
  "22": {
    "precision": 0.5,
    "recall": 0.45,
    "f1-score": 0.47368421052631576,
    "support": 100.0
  },
  "23": {
    "precision": 0.39473684210526316,
    "recall": 0.45,
    "f1-score": 0.4205607476635514,
    "support": 100.0
  },
  "24": {
    "precision": 0.30357142857142855,
    "recall": 0.51,
    "f1-score": 0.3805970149253731,
    "support": 100.0
  },
  "25": {
    "precision": 0.7142857142857143,
    "recall": 0.5,
    "f1-score": 0.5882352941176471,
    "support": 100.0
  },
  "26": {
    "precision": 0.3458646616541353,
    "recall": 0.46,
    "f1-score": 0.3948497854077253,
    "support": 100.0
  },
  "27": {
    "precision": 0.5058823529411764,
    "recall": 0.43,
    "f1-score": 0.4648648648648649,
    "support": 100.0
  },
  "28": {
    "precision": 0.6268656716417911,
    "recall": 0.42,
    "f1-score": 0.5029940119760479,
    "support": 100.0
  },
  "29": {
    "precision": 0.6444444444444445,
    "recall": 0.58,
    "f1-score": 0.6105263157894737,
    "support": 100.0
  },
  "30": {
    "precision": 0.352112676056338,
    "recall": 0.5050505050505051,
    "f1-score": 0.4149377593360996,
    "support": 99.0
  },
  "31": {
    "precision": 0.4444444444444444,
    "recall": 0.48,
    "f1-score": 0.46153846153846156,
    "support": 100.0
  },
  "32": {
    "precision": 0.7333333333333333,
    "recall": 0.22,
    "f1-score": 0.3384615384615385,
    "support": 100.0
  },
  "33": {
    "precision": 0.4142857142857143,
    "recall": 0.29,
    "f1-score": 0.3411764705882353,
    "support": 100.0
  },
  "34": {
    "precision": 0.3181818181818182,
    "recall": 0.15730337078651685,
    "f1-score": 0.21052631578947367,
    "support": 89.0
  },
  "35": {
    "precision": 0.42528735632183906,
    "recall": 0.37,
    "f1-score": 0.39572192513368987,
    "support": 100.0
  },
  "36": {
    "precision": 0.4716981132075472,
    "recall": 0.5,
    "f1-score": 0.4854368932038835,
    "support": 100.0
  },
  "accuracy": 0.4363586808394658,
  "macro avg": {
    "precision": 0.4544781936699058,
    "recall": 0.4358732909532995,
    "f1-score": 0.42908026855325493,
    "support": 3669.0
  },
  "weighted avg": {
    "precision": 0.4547160011384738,
    "recall": 0.4363586808394658,
    "f1-score": 0.4294251030559642,
    "support": 3669.0
  }
}