{
  "accuracy": 0.4363586808394658,
  "macro_f1": 0.42908026855325493,
  "model": "ResNet-18 Scratch"
}