{
  "0": {
    "precision": 0.9032258064516129,
    "recall": 0.8571428571428571,
    "f1-score": 0.8795811518324608,
    "support": 98.0
  },
  "1": {
    "precision": 0.6875,
    "recall": 0.88,
    "f1-score": 0.7719298245614035,
    "support": 100.0
  },
  "2": {
    "precision": 0.7384615384615385,
    "recall": 0.48,
    "f1-score": 0.5818181818181818,
    "support": 100.0
  },
  "3": {
    "precision": 0.93,
    "recall": 0.93,
    "f1-score": 0.93,
    "support": 100.0
  },
  "4": {
    "precision": 0.8910891089108911,
    "recall": 0.9,
    "f1-score": 0.8955223880597015,
    "support": 100.0
  },
  "5": {
    "precision": 0.7121212121212122,
    "recall": 0.94,
    "f1-score": 0.8103448275862069,
    "support": 100.0
  },
  "6": {
    "precision": 0.7256637168141593,
    "recall": 0.82,
    "f1-score": 0.7699530516431925,
    "support": 100.0
  },
  "7": {
    "precision": 0.8076923076923077,
    "recall": 0.9545454545454546,
    "f1-score": 0.875,
    "support": 88.0
  },
  "8": {
    "precision": 0.91,
    "recall": 0.9191919191919192,
    "f1-score": 0.914572864321608,
    "support": 99.0
  },
  "9": {
    "precision": 0.9651162790697675,
    "recall": 0.83,
    "f1-score": 0.8924731182795699,
    "support": 100.0
  },
  "10": {
    "precision": 0.9166666666666666,
    "recall": 0.88,
    "f1-score": 0.8979591836734694,
    "support": 100.0
  },
  "11": {
    "precision": 0.9130434782608695,
    "recall": 0.865979381443299,
    "f1-score": 0.8888888888888888,
    "support": 97.0
  },
  "12": {
    "precision": 0.968421052631579,
    "recall": 0.92,
    "f1-score": 0.9435897435897436,
    "support": 100.0
  },
  "13": {
    "precision": 0.9591836734693877,
    "recall": 0.94,
    "f1-score": 0.9494949494949495,
    "support": 100.0
  },
  "14": {
    "precision": 0.8981481481481481,
    "recall": 0.97,
    "f1-score": 0.9326923076923077,
    "support": 100.0
  },
  "15": {
    "precision": 0.979381443298969,
    "recall": 0.95,
    "f1-score": 0.9644670050761421,
    "support": 100.0
  },
  "16": {
    "precision": 0.8571428571428571,
    "recall": 0.96,
    "f1-score": 0.9056603773584906,
    "support": 100.0
  },
  "17": {
    "precision": 0.9705882352941176,
    "recall": 0.99,
    "f1-score": 0.9801980198019802,
    "support": 100.0
  },
  "18": {
    "precision": 0.98989898989899,
    "recall": 0.98989898989899,
    "f1-score": 0.98989898989899,
    "support": 99.0
  },
  "19": {
    "precision": 1.0,
    "recall": 0.97,
    "f1-score": 0.9847715736040609,
    "support": 100.0
  },
  "20": {
    "precision": 0.9285714285714286,
    "recall": 0.78,
    "f1-score": 0.8478260869565217,
    "support": 100.0
  },
  "21": {
    "precision": 0.9175257731958762,
    "recall": 0.89,
    "f1-score": 0.9035532994923858,
    "support": 100.0
  },
  "22": {
    "precision": 0.9433962264150944,
    "recall": 1.0,
    "f1-score": 0.970873786407767,
    "support": 100.0
  },
  "23": {
    "precision": 0.87,
    "recall": 0.87,
    "f1-score": 0.87,
    "support": 100.0
  },
  "24": {
    "precision": 0.9393939393939394,
    "recall": 0.93,
    "f1-score": 0.9346733668341709,
    "support": 100.0
  },
  "25": {
    "precision": 0.979381443298969,
    "recall": 0.95,
    "f1-score": 0.9644670050761421,
    "support": 100.0
  },
  "26": {
    "precision": 0.7142857142857143,
    "recall": 0.7,
    "f1-score": 0.7070707070707071,
    "support": 100.0
  },
  "27": {
    "precision": 0.9263157894736842,
    "recall": 0.88,
    "f1-score": 0.9025641025641026,
    "support": 100.0
  },
  "28": {
    "precision": 0.9696969696969697,
    "recall": 0.96,
    "f1-score": 0.964824120603015,
    "support": 100.0
  },
  "29": {
    "precision": 0.9509803921568627,
    "recall": 0.97,
    "f1-score": 0.9603960396039604,
    "support": 100.0
  },
  "30": {
    "precision": 0.9509803921568627,
    "recall": 0.9797979797979798,
    "f1-score": 0.9651741293532339,
    "support": 99.0
  },
  "31": {
    "precision": 0.9326923076923077,
    "recall": 0.97,
    "f1-score": 0.9509803921568627,
    "support": 100.0
  },
  "32": {
    "precision": 0.963855421686747,
    "recall": 0.8,
    "f1-score": 0.8743169398907104,
    "support": 100.0
  },
  "33": {
    "precision": 0.9387755102040817,
    "recall": 0.92,
    "f1-score": 0.9292929292929293,
    "support": 100.0
  },
  "34": {
    "precision": 0.59375,
    "recall": 0.6404494382022472,
    "f1-score": 0.6162162162162163,
    "support": 89.0
  },
  "35": {
    "precision": 0.9587628865979382,
    "recall": 0.93,
    "f1-score": 0.9441624365482234,
    "support": 100.0
  },
  "36": {
    "precision": 0.9787234042553191,
    "recall": 0.92,
    "f1-score": 0.9484536082474226,
    "support": 100.0
  },
  "accuracy": 0.8934314527119106,
  "macro avg": {
    "precision": 0.8967684354976991,
    "recall": 0.892892054600615,
    "f1-score": 0.8922611246890735,
    "support": 3669.0
  },
  "weighted avg": {
    "precision": 0.8979076566419837,
    "recall": 0.8934314527119106,
    "f1-score": 0.8931022916373093,
    "support": 3669.0
  }
}