{
  "train_loss": [
    3.609298962613811,
    3.299547897732776,
    3.180492393348528,
    3.0339903209520425,
    2.9060026018515877,
    2.8046884096187092,
    2.6836860827777698,
    2.5830128840778186,
    2.4445010475490405,
    2.1301119236842445,
    2.000302518191545,
    1.8767677999061088,
    1.7882785861906798,
    1.7189799521280371,
    1.4285682932190273,
    1.2814027122829272,
    1.192799537078194,
    1.0975996819527254,
    0.9170209907967112,
    0.8047125974427098,
    0.7351019162198772,
    0.6803802089846652,
    0.6264264777950619,
    0.5931193987312524,
    0.5343292297228522
  ],
  "val_loss": [
    4.395832175793855,
    3.351228599962981,
    3.4203754196996274,
    3.1919198347174604,
    3.165758215862772,
    2.916882981424746,
    3.648446684298308,
    3.131137702776038,
    2.9709821887638257,
    2.713098909543908,
    2.3640414113583774,
    2.421082045720971,
    2.4687139884285303,
    2.736784541088602,
    2.1390307519746865,
    2.4287883043289185,
    2.157585304716359,
    2.243458302124687,
    1.9877964050873467,
    2.011035945104516,
    1.9291112474773242,
    1.8873500875804736,
    1.9749149706052698,
    1.9961738586425781,
    1.9386029295299365
  ],
  "train_accuracy": [
    0.06317934782608696,
    0.09850543478260869,
    0.12907608695652173,
    0.15998641304347827,
    0.17459239130434784,
    0.2139945652173913,
    0.22724184782608695,
    0.25441576086956524,
    0.2904211956521739,
    0.38654891304347827,
    0.40896739130434784,
    0.43546195652173914,
    0.453804347826087,
    0.4779211956521739,
    0.5550271739130435,
    0.6175271739130435,
    0.6487771739130435,
    0.6661005434782609,
    0.7292798913043478,
    0.7781929347826086,
    0.811141304347826,
    0.8179347826086957,
    0.8349184782608695,
    0.8488451086956522,
    0.8624320652173914
  ],
  "val_accuracy": [
    0.06657608695652174,
    0.09510869565217392,
    0.10733695652173914,
    0.1358695652173913,
    0.16304347826086957,
    0.1875,
    0.125,
    0.16168478260869565,
    0.17527173913043478,
    0.25271739130434784,
    0.31929347826086957,
    0.31657608695652173,
    0.3029891304347826,
    0.28940217391304346,
    0.38858695652173914,
    0.33559782608695654,
    0.40217391304347827,
    0.3654891304347826,
    0.41304347826086957,
    0.4171195652173913,
    0.44157608695652173,
    0.43342391304347827,
    0.42527173913043476,
    0.44021739130434784,
    0.44565217391304346
  ]
}